item_id,outbound_date,outbound_qty,source_type
REFRIGERATOR,2026-08-07,8000,SYNTHETIC
RO COMPRESSOR(ROTARY COMPRESSOR),2026-08-07,1500,SYNTHETIC
MOTOR,2026-08-07,1000,SYNTHETIC
PARTS FOR REFRIGERATOR,2026-08-07,1200,SYNTHETIC
REFRIGERATORS COMPRESSOR,2026-08-07,200,SYNTHETIC
MICROWAVE OVEN,2026-08-07,300,SYNTHETIC
REFRIGERATOR,2026-08-08,8000,SYNTHETIC
RO COMPRESSOR(ROTARY COMPRESSOR),2026-08-08,1500,SYNTHETIC
MOTOR,2026-08-08,1000,SYNTHETIC
PARTS FOR REFRIGERATOR,2026-08-08,1200,SYNTHETIC
REFRIGERATORS COMPRESSOR,2026-08-08,200,SYNTHETIC
MICROWAVE OVEN,2026-08-08,300,SYNTHETIC
REFRIGERATOR,2026-08-09,8000,SYNTHETIC
RO COMPRESSOR(ROTARY COMPRESSOR),2026-08-09,1500,SYNTHETIC
MOTOR,2026-08-09,1000,SYNTHETIC
PARTS FOR REFRIGERATOR,2026-08-09,1200,SYNTHETIC
REFRIGERATORS COMPRESSOR,2026-08-09,200,SYNTHETIC
MICROWAVE OVEN,2026-08-09,300,SYNTHETIC
REFRIGERATOR,2026-08-10,8000,SYNTHETIC
RO COMPRESSOR(ROTARY COMPRESSOR),2026-08-10,1500,SYNTHETIC
MOTOR,2026-08-10,1000,SYNTHETIC
PARTS FOR REFRIGERATOR,2026-08-10,1200,SYNTHETIC
REFRIGERATORS COMPRESSOR,2026-08-10,200,SYNTHETIC
MICROWAVE OVEN,2026-08-10,300,SYNTHETIC
REFRIGERATOR,2026-08-11,8000,SYNTHETIC
RO COMPRESSOR(ROTARY COMPRESSOR),2026-08-11,1500,SYNTHETIC
MOTOR,2026-08-11,1000,SYNTHETIC
PARTS FOR REFRIGERATOR,2026-08-11,1200,SYNTHETIC
REFRIGERATORS COMPRESSOR,2026-08-11,200,SYNTHETIC
MICROWAVE OVEN,2026-08-11,300,SYNTHETIC
REFRIGERATOR,2026-08-12,8000,SYNTHETIC
RO COMPRESSOR(ROTARY COMPRESSOR),2026-08-12,1500,SYNTHETIC
MOTOR,2026-08-12,1000,SYNTHETIC
PARTS FOR REFRIGERATOR,2026-08-12,1200,SYNTHETIC
REFRIGERATORS COMPRESSOR,2026-08-12,200,SYNTHETIC
MICROWAVE OVEN,2026-08-12,300,SYNTHETIC
REFRIGERATOR,2026-08-13,8000,SYNTHETIC
RO COMPRESSOR(ROTARY COMPRESSOR),2026-08-13,1500,SYNTHETIC
MOTOR,2026-08-13,1000,SYNTHETIC
PARTS FOR REFRIGERATOR,2026-08-13,1200,SYNTHETIC
REFRIGERATORS COMPRESSOR,2026-08-13,200,SYNTHETIC
MICROWAVE OVEN,2026-08-13,300,SYNTHETIC
REFRIGERATOR,2026-08-14,8000,SYNTHETIC
RO COMPRESSOR(ROTARY COMPRESSOR),2026-08-14,1500,SYNTHETIC
MOTOR,2026-08-14,1000,SYNTHETIC
PARTS FOR REFRIGERATOR,2026-08-14,1200,SYNTHETIC
REFRIGERATORS COMPRESSOR,2026-08-14,200,SYNTHETIC
MICROWAVE OVEN,2026-08-14,300,SYNTHETIC
REFRIGERATOR,2026-08-15,8000,SYNTHETIC
RO COMPRESSOR(ROTARY COMPRESSOR),2026-08-15,1500,SYNTHETIC
MOTOR,2026-08-15,1000,SYNTHETIC
PARTS FOR REFRIGERATOR,2026-08-15,1200,SYNTHETIC
REFRIGERATORS COMPRESSOR,2026-08-15,200,SYNTHETIC
MICROWAVE OVEN,2026-08-15,300,SYNTHETIC
REFRIGERATOR,2026-08-16,8000,SYNTHETIC
RO COMPRESSOR(ROTARY COMPRESSOR),2026-08-16,1500,SYNTHETIC
MOTOR,2026-08-16,1000,SYNTHETIC
PARTS FOR REFRIGERATOR,2026-08-16,1200,SYNTHETIC
REFRIGERATORS COMPRESSOR,2026-08-16,200,SYNTHETIC
MICROWAVE OVEN,2026-08-16,300,SYNTHETIC
REFRIGERATOR,2026-08-17,8000,SYNTHETIC
RO COMPRESSOR(ROTARY COMPRESSOR),2026-08-17,1500,SYNTHETIC
MOTOR,2026-08-17,1000,SYNTHETIC
PARTS FOR REFRIGERATOR,2026-08-17,1200,SYNTHETIC
REFRIGERATORS COMPRESSOR,2026-08-17,200,SYNTHETIC
MICROWAVE OVEN,2026-08-17,300,SYNTHETIC
REFRIGERATOR,2026-08-18,8000,SYNTHETIC
RO COMPRESSOR(ROTARY COMPRESSOR),2026-08-18,1500,SYNTHETIC
MOTOR,2026-08-18,1000,SYNTHETIC
PARTS FOR REFRIGERATOR,2026-08-18,1200,SYNTHETIC
REFRIGERATORS COMPRESSOR,2026-08-18,200,SYNTHETIC
MICROWAVE OVEN,2026-08-18,300,SYNTHETIC
REFRIGERATOR,2026-08-19,8000,SYNTHETIC
RO COMPRESSOR(ROTARY COMPRESSOR),2026-08-19,1500,SYNTHETIC
MOTOR,2026-08-19,1000,SYNTHETIC
PARTS FOR REFRIGERATOR,2026-08-19,1200,SYNTHETIC
REFRIGERATORS COMPRESSOR,2026-08-19,200,SYNTHETIC
MICROWAVE OVEN,2026-08-19,300,SYNTHETIC
REFRIGERATOR,2026-08-20,8000,SYNTHETIC
RO COMPRESSOR(ROTARY COMPRESSOR),2026-08-20,1500,SYNTHETIC
MOTOR,2026-08-20,1000,SYNTHETIC
PARTS FOR REFRIGERATOR,2026-08-20,1200,SYNTHETIC
REFRIGERATORS COMPRESSOR,2026-08-20,200,SYNTHETIC
MICROWAVE OVEN,2026-08-20,300,SYNTHETIC
REFRIGERATOR,2026-08-21,8000,SYNTHETIC
RO COMPRESSOR(ROTARY COMPRESSOR),2026-08-21,1500,SYNTHETIC
MOTOR,2026-08-21,1000,SYNTHETIC
PARTS FOR REFRIGERATOR,2026-08-21,1200,SYNTHETIC
REFRIGERATORS COMPRESSOR,2026-08-21,200,SYNTHETIC
MICROWAVE OVEN,2026-08-21,300,SYNTHETIC
REFRIGERATOR,2026-08-22,8000,SYNTHETIC
RO COMPRESSOR(ROTARY COMPRESSOR),2026-08-22,1500,SYNTHETIC
MOTOR,2026-08-22,1000,SYNTHETIC
PARTS FOR REFRIGERATOR,2026-08-22,1200,SYNTHETIC
REFRIGERATORS COMPRESSOR,2026-08-22,200,SYNTHETIC
MICROWAVE OVEN,2026-08-22,300,SYNTHETIC
REFRIGERATOR,2026-08-23,8000,SYNTHETIC
RO COMPRESSOR(ROTARY COMPRESSOR),2026-08-23,1500,SYNTHETIC
MOTOR,2026-08-23,1000,SYNTHETIC
PARTS FOR REFRIGERATOR,2026-08-23,1200,SYNTHETIC
REFRIGERATORS COMPRESSOR,2026-08-23,200,SYNTHETIC
MICROWAVE OVEN,2026-08-23,300,SYNTHETIC
REFRIGERATOR,2026-08-24,8000,SYNTHETIC
RO COMPRESSOR(ROTARY COMPRESSOR),2026-08-24,1500,SYNTHETIC
MOTOR,2026-08-24,1000,SYNTHETIC
PARTS FOR REFRIGERATOR,2026-08-24,1200,SYNTHETIC
REFRIGERATORS COMPRESSOR,2026-08-24,200,SYNTHETIC
MICROWAVE OVEN,2026-08-24,300,SYNTHETIC
REFRIGERATOR,2026-08-25,8000,SYNTHETIC
RO COMPRESSOR(ROTARY COMPRESSOR),2026-08-25,1500,SYNTHETIC
MOTOR,2026-08-25,1000,SYNTHETIC
PARTS FOR REFRIGERATOR,2026-08-25,1200,SYNTHETIC
REFRIGERATORS COMPRESSOR,2026-08-25,200,SYNTHETIC
MICROWAVE OVEN,2026-08-25,300,SYNTHETIC
REFRIGERATOR,2026-08-26,8000,SYNTHETIC
RO COMPRESSOR(ROTARY COMPRESSOR),2026-08-26,1500,SYNTHETIC
MOTOR,2026-08-26,1000,SYNTHETIC
PARTS FOR REFRIGERATOR,2026-08-26,1200,SYNTHETIC
REFRIGERATORS COMPRESSOR,2026-08-26,200,SYNTHETIC
MICROWAVE OVEN,2026-08-26,300,SYNTHETIC
REFRIGERATOR,2026-08-27,8000,SYNTHETIC
RO COMPRESSOR(ROTARY COMPRESSOR),2026-08-27,1500,SYNTHETIC
MOTOR,2026-08-27,1000,SYNTHETIC
PARTS FOR REFRIGERATOR,2026-08-27,1200,SYNTHETIC
REFRIGERATORS COMPRESSOR,2026-08-27,200,SYNTHETIC
MICROWAVE OVEN,2026-08-27,300,SYNTHETIC
REFRIGERATOR,2026-08-28,8000,SYNTHETIC
RO COMPRESSOR(ROTARY COMPRESSOR),2026-08-28,1500,SYNTHETIC
MOTOR,2026-08-28,1000,SYNTHETIC
PARTS FOR REFRIGERATOR,2026-08-28,1200,SYNTHETIC
REFRIGERATORS COMPRESSOR,2026-08-28,200,SYNTHETIC
MICROWAVE OVEN,2026-08-28,300,SYNTHETIC
REFRIGERATOR,2026-08-29,8000,SYNTHETIC
RO COMPRESSOR(ROTARY COMPRESSOR),2026-08-29,1500,SYNTHETIC
MOTOR,2026-08-29,1000,SYNTHETIC
PARTS FOR REFRIGERATOR,2026-08-29,1200,SYNTHETIC
REFRIGERATORS COMPRESSOR,2026-08-29,200,SYNTHETIC
MICROWAVE OVEN,2026-08-29,300,SYNTHETIC
REFRIGERATOR,2026-08-30,8000,SYNTHETIC
RO COMPRESSOR(ROTARY COMPRESSOR),2026-08-30,1500,SYNTHETIC
MOTOR,2026-08-30,1000,SYNTHETIC
PARTS FOR REFRIGERATOR,2026-08-30,1200,SYNTHETIC
REFRIGERATORS COMPRESSOR,2026-08-30,200,SYNTHETIC
MICROWAVE OVEN,2026-08-30,300,SYNTHETIC
REFRIGERATOR,2026-08-31,8000,SYNTHETIC
RO COMPRESSOR(ROTARY COMPRESSOR),2026-08-31,1500,SYNTHETIC
MOTOR,2026-08-31,1000,SYNTHETIC
PARTS FOR REFRIGERATOR,2026-08-31,1200,SYNTHETIC
REFRIGERATORS COMPRESSOR,2026-08-31,200,SYNTHETIC
MICROWAVE OVEN,2026-08-31,300,SYNTHETIC
REFRIGERATOR,2026-09-01,8000,SYNTHETIC
RO COMPRESSOR(ROTARY COMPRESSOR),2026-09-01,1500,SYNTHETIC
MOTOR,2026-09-01,1000,SYNTHETIC
PARTS FOR REFRIGERATOR,2026-09-01,1200,SYNTHETIC
REFRIGERATORS COMPRESSOR,2026-09-01,200,SYNTHETIC
MICROWAVE OVEN,2026-09-01,300,SYNTHETIC
REFRIGERATOR,2026-09-02,8000,SYNTHETIC
RO COMPRESSOR(ROTARY COMPRESSOR),2026-09-02,1500,SYNTHETIC
MOTOR,2026-09-02,1000,SYNTHETIC
PARTS FOR REFRIGERATOR,2026-09-02,1200,SYNTHETIC
REFRIGERATORS COMPRESSOR,2026-09-02,200,SYNTHETIC
MICROWAVE OVEN,2026-09-02,300,SYNTHETIC
REFRIGERATOR,2026-09-03,8000,SYNTHETIC
RO COMPRESSOR(ROTARY COMPRESSOR),2026-09-03,1500,SYNTHETIC
MOTOR,2026-09-03,1000,SYNTHETIC
PARTS FOR REFRIGERATOR,2026-09-03,1200,SYNTHETIC
REFRIGERATORS COMPRESSOR,2026-09-03,200,SYNTHETIC
MICROWAVE OVEN,2026-09-03,300,SYNTHETIC
REFRIGERATOR,2026-09-04,8000,SYNTHETIC
RO COMPRESSOR(ROTARY COMPRESSOR),2026-09-04,1500,SYNTHETIC
MOTOR,2026-09-04,1000,SYNTHETIC
PARTS FOR REFRIGERATOR,2026-09-04,1200,SYNTHETIC
REFRIGERATORS COMPRESSOR,2026-09-04,200,SYNTHETIC
MICROWAVE OVEN,2026-09-04,300,SYNTHETIC
REFRIGERATOR,2026-09-05,8000,SYNTHETIC
RO COMPRESSOR(ROTARY COMPRESSOR),2026-09-05,1500,SYNTHETIC
MOTOR,2026-09-05,1000,SYNTHETIC
PARTS FOR REFRIGERATOR,2026-09-05,1200,SYNTHETIC
REFRIGERATORS COMPRESSOR,2026-09-05,200,SYNTHETIC
MICROWAVE OVEN,2026-09-05,300,SYNTHETIC
REFRIGERATOR,2026-09-06,8000,SYNTHETIC
RO COMPRESSOR(ROTARY COMPRESSOR),2026-09-06,1500,SYNTHETIC
MOTOR,2026-09-06,1000,SYNTHETIC
PARTS FOR REFRIGERATOR,2026-09-06,1200,SYNTHETIC
REFRIGERATORS COMPRESSOR,2026-09-06,200,SYNTHETIC
MICROWAVE OVEN,2026-09-06,300,SYNTHETIC
REFRIGERATOR,2026-09-07,8000,SYNTHETIC
RO COMPRESSOR(ROTARY COMPRESSOR),2026-09-07,1500,SYNTHETIC
MOTOR,2026-09-07,1000,SYNTHETIC
PARTS FOR REFRIGERATOR,2026-09-07,1200,SYNTHETIC
REFRIGERATORS COMPRESSOR,2026-09-07,200,SYNTHETIC
MICROWAVE OVEN,2026-09-07,300,SYNTHETIC
REFRIGERATOR,2026-09-08,8000,SYNTHETIC
RO COMPRESSOR(ROTARY COMPRESSOR),2026-09-08,1500,SYNTHETIC
MOTOR,2026-09-08,1000,SYNTHETIC
PARTS FOR REFRIGERATOR,2026-09-08,1200,SYNTHETIC
REFRIGERATORS COMPRESSOR,2026-09-08,200,SYNTHETIC
MICROWAVE OVEN,2026-09-08,300,SYNTHETIC
REFRIGERATOR,2026-09-09,8000,SYNTHETIC
RO COMPRESSOR(ROTARY COMPRESSOR),2026-09-09,1500,SYNTHETIC
MOTOR,2026-09-09,1000,SYNTHETIC
PARTS FOR REFRIGERATOR,2026-09-09,1200,SYNTHETIC
REFRIGERATORS COMPRESSOR,2026-09-09,200,SYNTHETIC
MICROWAVE OVEN,2026-09-09,300,SYNTHETIC
REFRIGERATOR,2026-09-10,8000,SYNTHETIC
RO COMPRESSOR(ROTARY COMPRESSOR),2026-09-10,1500,SYNTHETIC
MOTOR,2026-09-10,1000,SYNTHETIC
PARTS FOR REFRIGERATOR,2026-09-10,1200,SYNTHETIC
REFRIGERATORS COMPRESSOR,2026-09-10,200,SYNTHETIC
MICROWAVE OVEN,2026-09-10,300,SYNTHETIC
REFRIGERATOR,2026-09-11,8000,SYNTHETIC
RO COMPRESSOR(ROTARY COMPRESSOR),2026-09-11,1500,SYNTHETIC
MOTOR,2026-09-11,1000,SYNTHETIC
PARTS FOR REFRIGERATOR,2026-09-11,1200,SYNTHETIC
REFRIGERATORS COMPRESSOR,2026-09-11,200,SYNTHETIC
MICROWAVE OVEN,2026-09-11,300,SYNTHETIC
REFRIGERATOR,2026-09-12,8000,SYNTHETIC
RO COMPRESSOR(ROTARY COMPRESSOR),2026-09-12,1500,SYNTHETIC
MOTOR,2026-09-12,1000,SYNTHETIC
PARTS FOR REFRIGERATOR,2026-09-12,1200,SYNTHETIC
REFRIGERATORS COMPRESSOR,2026-09-12,200,SYNTHETIC
MICROWAVE OVEN,2026-09-12,300,SYNTHETIC
REFRIGERATOR,2026-09-13,8000,SYNTHETIC
RO COMPRESSOR(ROTARY COMPRESSOR),2026-09-13,1500,SYNTHETIC
MOTOR,2026-09-13,1000,SYNTHETIC
PARTS FOR REFRIGERATOR,2026-09-13,1200,SYNTHETIC
REFRIGERATORS COMPRESSOR,2026-09-13,200,SYNTHETIC
MICROWAVE OVEN,2026-09-13,300,SYNTHETIC
REFRIGERATOR,2026-09-14,8000,SYNTHETIC
RO COMPRESSOR(ROTARY COMPRESSOR),2026-09-14,1500,SYNTHETIC
MOTOR,2026-09-14,1000,SYNTHETIC
PARTS FOR REFRIGERATOR,2026-09-14,1200,SYNTHETIC
REFRIGERATORS COMPRESSOR,2026-09-14,200,SYNTHETIC
MICROWAVE OVEN,2026-09-14,300,SYNTHETIC
REFRIGERATOR,2026-09-15,8000,SYNTHETIC
RO COMPRESSOR(ROTARY COMPRESSOR),2026-09-15,1500,SYNTHETIC
MOTOR,2026-09-15,1000,SYNTHETIC
PARTS FOR REFRIGERATOR,2026-09-15,1200,SYNTHETIC
REFRIGERATORS COMPRESSOR,2026-09-15,200,SYNTHETIC
MICROWAVE OVEN,2026-09-15,300,SYNTHETIC
REFRIGERATOR,2026-09-16,8000,SYNTHETIC
RO COMPRESSOR(ROTARY COMPRESSOR),2026-09-16,1500,SYNTHETIC
MOTOR,2026-09-16,1000,SYNTHETIC
PARTS FOR REFRIGERATOR,2026-09-16,1200,SYNTHETIC
REFRIGERATORS COMPRESSOR,2026-09-16,200,SYNTHETIC
MICROWAVE OVEN,2026-09-16,300,SYNTHETIC
REFRIGERATOR,2026-09-17,8000,SYNTHETIC
RO COMPRESSOR(ROTARY COMPRESSOR),2026-09-17,1500,SYNTHETIC
MOTOR,2026-09-17,1000,SYNTHETIC
PARTS FOR REFRIGERATOR,2026-09-17,1200,SYNTHETIC
REFRIGERATORS COMPRESSOR,2026-09-17,200,SYNTHETIC
MICROWAVE OVEN,2026-09-17,300,SYNTHETIC
REFRIGERATOR,2026-09-18,8000,SYNTHETIC
RO COMPRESSOR(ROTARY COMPRESSOR),2026-09-18,1500,SYNTHETIC
MOTOR,2026-09-18,1000,SYNTHETIC
PARTS FOR REFRIGERATOR,2026-09-18,1200,SYNTHETIC
REFRIGERATORS COMPRESSOR,2026-09-18,200,SYNTHETIC
MICROWAVE OVEN,2026-09-18,300,SYNTHETIC
REFRIGERATOR,2026-09-19,8000,SYNTHETIC
RO COMPRESSOR(ROTARY COMPRESSOR),2026-09-19,1500,SYNTHETIC
MOTOR,2026-09-19,1000,SYNTHETIC
PARTS FOR REFRIGERATOR,2026-09-19,1200,SYNTHETIC
REFRIGERATORS COMPRESSOR,2026-09-19,200,SYNTHETIC
MICROWAVE OVEN,2026-09-19,300,SYNTHETIC
REFRIGERATOR,2026-09-20,8000,SYNTHETIC
RO COMPRESSOR(ROTARY COMPRESSOR),2026-09-20,1500,SYNTHETIC
MOTOR,2026-09-20,1000,SYNTHETIC
PARTS FOR REFRIGERATOR,2026-09-20,1200,SYNTHETIC
REFRIGERATORS COMPRESSOR,2026-09-20,200,SYNTHETIC
MICROWAVE OVEN,2026-09-20,300,SYNTHETIC
REFRIGERATOR,2026-09-21,8000,SYNTHETIC
RO COMPRESSOR(ROTARY COMPRESSOR),2026-09-21,1500,SYNTHETIC
MOTOR,2026-09-21,1000,SYNTHETIC
PARTS FOR REFRIGERATOR,2026-09-21,1200,SYNTHETIC
REFRIGERATORS COMPRESSOR,2026-09-21,200,SYNTHETIC
MICROWAVE OVEN,2026-09-21,300,SYNTHETIC
REFRIGERATOR,2026-09-22,8000,SYNTHETIC
RO COMPRESSOR(ROTARY COMPRESSOR),2026-09-22,1500,SYNTHETIC
MOTOR,2026-09-22,1000,SYNTHETIC
PARTS FOR REFRIGERATOR,2026-09-22,1200,SYNTHETIC
REFRIGERATORS COMPRESSOR,2026-09-22,200,SYNTHETIC
MICROWAVE OVEN,2026-09-22,300,SYNTHETIC
REFRIGERATOR,2026-09-23,8000,SYNTHETIC
RO COMPRESSOR(ROTARY COMPRESSOR),2026-09-23,1500,SYNTHETIC
MOTOR,2026-09-23,1000,SYNTHETIC
PARTS FOR REFRIGERATOR,2026-09-23,1200,SYNTHETIC
REFRIGERATORS COMPRESSOR,2026-09-23,200,SYNTHETIC
MICROWAVE OVEN,2026-09-23,300,SYNTHETIC
REFRIGERATOR,2026-09-24,8000,SYNTHETIC
RO COMPRESSOR(ROTARY COMPRESSOR),2026-09-24,1500,SYNTHETIC
MOTOR,2026-09-24,1000,SYNTHETIC
PARTS FOR REFRIGERATOR,2026-09-24,1200,SYNTHETIC
REFRIGERATORS COMPRESSOR,2026-09-24,200,SYNTHETIC
MICROWAVE OVEN,2026-09-24,300,SYNTHETIC
REFRIGERATOR,2026-09-25,8000,SYNTHETIC
RO COMPRESSOR(ROTARY COMPRESSOR),2026-09-25,1500,SYNTHETIC
MOTOR,2026-09-25,1000,SYNTHETIC
PARTS FOR REFRIGERATOR,2026-09-25,1200,SYNTHETIC
REFRIGERATORS COMPRESSOR,2026-09-25,200,SYNTHETIC
MICROWAVE OVEN,2026-09-25,300,SYNTHETIC
REFRIGERATOR,2026-09-26,8000,SYNTHETIC
RO COMPRESSOR(ROTARY COMPRESSOR),2026-09-26,1500,SYNTHETIC
MOTOR,2026-09-26,1000,SYNTHETIC
PARTS FOR REFRIGERATOR,2026-09-26,1200,SYNTHETIC
REFRIGERATORS COMPRESSOR,2026-09-26,200,SYNTHETIC
MICROWAVE OVEN,2026-09-26,300,SYNTHETIC
REFRIGERATOR,2026-09-27,8000,SYNTHETIC
RO COMPRESSOR(ROTARY COMPRESSOR),2026-09-27,1500,SYNTHETIC
MOTOR,2026-09-27,1000,SYNTHETIC
PARTS FOR REFRIGERATOR,2026-09-27,1200,SYNTHETIC
REFRIGERATORS COMPRESSOR,2026-09-27,200,SYNTHETIC
MICROWAVE OVEN,2026-09-27,300,SYNTHETIC
REFRIGERATOR,2026-09-28,8000,SYNTHETIC
RO COMPRESSOR(ROTARY COMPRESSOR),2026-09-28,1500,SYNTHETIC
MOTOR,2026-09-28,1000,SYNTHETIC
PARTS FOR REFRIGERATOR,2026-09-28,1200,SYNTHETIC
REFRIGERATORS COMPRESSOR,2026-09-28,200,SYNTHETIC
MICROWAVE OVEN,2026-09-28,300,SYNTHETIC
REFRIGERATOR,2026-09-29,8000,SYNTHETIC
RO COMPRESSOR(ROTARY COMPRESSOR),2026-09-29,1500,SYNTHETIC
MOTOR,2026-09-29,1000,SYNTHETIC
PARTS FOR REFRIGERATOR,2026-09-29,1200,SYNTHETIC
REFRIGERATORS COMPRESSOR,2026-09-29,200,SYNTHETIC
MICROWAVE OVEN,2026-09-29,300,SYNTHETIC
REFRIGERATOR,2026-09-30,8000,SYNTHETIC
RO COMPRESSOR(ROTARY COMPRESSOR),2026-09-30,1500,SYNTHETIC
MOTOR,2026-09-30,1000,SYNTHETIC
PARTS FOR REFRIGERATOR,2026-09-30,1200,SYNTHETIC
REFRIGERATORS COMPRESSOR,2026-09-30,200,SYNTHETIC
MICROWAVE OVEN,2026-09-30,300,SYNTHETIC
